Date,Visitor,G_VIS,Home,G_HOME,,Att.,LOG,Notes
2023-10-10,Chicago Blackhawks,4,Pittsburgh Penguins,2,,18411,2:34,
2023-10-10,Nashville Predators,3,Tampa Bay Lightning,5,,19092,2:33,
2023-10-10,Seattle Kraken,1,Vegas Golden Knights,4,,18724,2:22,
2023-10-11,Chicago Blackhawks,1,Boston Bruins,3,,17850,2:29,
2023-10-11,Ottawa Senators,3,Carolina Hurricanes,5,,18893,2:33,
2023-10-11,Winnipeg Jets,3,Calgary Flames,5,,17414,2:32,
2023-10-11,Colorado Avalanche,5,Los Angeles Kings,2,,18145,2:37,
2023-10-11,Montreal Canadiens,5,Toronto Maple Leafs,6,SO,18948,2:46,
2023-10-11,Edmonton Oilers,1,Vancouver Canucks,8,,18706,2:33,
2023-10-12,New York Rangers,5,Buffalo Sabres,1,,19070,2:26,
2023-10-12,Philadelphia Flyers,4,Columbus Blue Jackets,2,,18614,2:26,
2023-10-12,St. Louis Blues,1,Dallas Stars,2,SO,18532,2:40,
2023-10-12,Florida Panthers,0,Minnesota Wild,2,,18976,2:37,
2023-10-12,Detroit Red Wings,3,New Jersey Devils,4,,16514,2:29,
2023-10-12,Seattle Kraken,0,Nashville Predators,3,,17629,2:21,
2023-10-12,Vegas Golden Knights,4,San Jose Sharks,1,,17435,2:28,
2023-10-13,Arizona Coyotes,4,New Jersey Devils,3,SO,16514,2:43,
2023-10-13,Pittsburgh Penguins,4,Washington Capitals,0,,18573,2:34,
2023-10-14,Nashville Predators,2,Boston Bruins,3,,17850,2:33,
2023-10-14,New York Rangers,3,Columbus Blue Jackets,5,,16520,2:34,
2023-10-14,Tampa Bay Lightning,4,Detroit Red Wings,6,,19515,2:28,
2023-10-14,Vancouver Canucks,4,Edmonton Oilers,3,,18347,2:30,
2023-10-14,Carolina Hurricanes,6,Los Angeles Kings,5,SO,17517,2:57,
2023-10-14,Chicago Blackhawks,2,Montreal Canadiens,3,,21105,2:26,
2023-10-14,Buffalo Sabres,2,New York Islanders,3,,17255,2:29,
2023-10-14,Philadelphia Flyers,2,Ottawa Senators,5,,20011,2:30,
2023-10-14,Calgary Flames,2,Pittsburgh Penguins,5,,17635,2:30,
2023-10-14,Colorado Avalanche,2,San Jose Sharks,1,SO,17435,2:46,
2023-10-14,Seattle Kraken,1,St. Louis Blues,2,SO,18096,2:33,
2023-10-14,Minnesota Wild,4,Toronto Maple Leafs,7,,18903,2:36,
2023-10-14,Anaheim Ducks,1,Vegas Golden Knights,4,,18033,2:35,
2023-10-14,Florida Panthers,4,Winnipeg Jets,6,,13410,2:32,
2023-10-15,Carolina Hurricanes,3,Anaheim Ducks,6,,17278,2:32,
2023-10-15,Tampa Bay Lightning,2,Ottawa Senators,5,,15584,2:27,
2023-10-16,Detroit Red Wings,4,Columbus Blue Jackets,0,,14959,2:25,
2023-10-16,Florida Panthers,4,New Jersey Devils,3,,15023,2:30,
2023-10-16,Arizona Coyotes,1,New York Rangers,2,,18006,2:29,
2023-10-16,Chicago Blackhawks,4,Toronto Maple Leafs,1,,19101,2:37,
2023-10-16,Calgary Flames,2,Washington Capitals,3,SO,16489,2:43,
2023-10-17,Tampa Bay Lightning,2,Buffalo Sabres,3,OT,12598,2:27,
2023-10-17,Minnesota Wild,5,Montreal Canadiens,2,,21105,2:36,
2023-10-17,Edmonton Oilers,6,Nashville Predators,1,,17216,2:27,
2023-10-17,Arizona Coyotes,0,New York Islanders,1,,14456,2:22,
2023-10-17,Vancouver Canucks,0,Philadelphia Flyers,2,,18883,2:28,
2023-10-17,Colorado Avalanche,4,Seattle Kraken,1,,17151,2:35,
2023-10-17,Carolina Hurricanes,6,San Jose Sharks,3,,10378,2:33,
2023-10-17,Dallas Stars,2,Vegas Golden Knights,3,SO,17612,2:47,
2023-10-17,Los Angeles Kings,5,Winnipeg Jets,1,,11226,2:24,
2023-10-18,Pittsburgh Penguins,3,Detroit Red Wings,6,,18895,2:31,
2023-10-18,Washington Capitals,1,Ottawa Senators,6,,15021,2:31,
2023-10-19,Dallas Stars,3,Anaheim Ducks,2,,14274,2:23,
2023-10-19,Calgary Flames,4,Buffalo Sabres,3,,13025,2:34,
2023-10-19,Chicago Blackhawks,0,Colorado Avalanche,4,,18140,2:24,
2023-10-19,Toronto Maple Leafs,1,Florida Panthers,3,,19288,2:30,
2023-10-19,Los Angeles Kings,7,Minnesota Wild,3,,18689,2:35,
2023-10-19,Nashville Predators,4,New York Rangers,1,,18006,2:24,
2023-10-19,Edmonton Oilers,1,Philadelphia Flyers,4,,17590,2:29,
2023-10-19,Carolina Hurricanes,4,Seattle Kraken,7,,17151,2:36,
2023-10-19,Boston Bruins,3,San Jose Sharks,1,,12501,2:30,
2023-10-19,Arizona Coyotes,6,St. Louis Blues,2,,18096,2:35,
2023-10-19,Vancouver Canucks,3,Tampa Bay Lightning,4,,19092,2:32,
2023-10-19,Vegas Golden Knights,5,Winnipeg Jets,3,,11521,2:18,
2023-10-20,Calgary Flames,1,Columbus Blue Jackets,3,,16276,2:25,
2023-10-20,New Jersey Devils,5,New York Islanders,4,OT,17255,2:33,
2023-10-21,Anaheim Ducks,1,Arizona Coyotes,2,,4600,2:30,
2023-10-21,New York Islanders,1,Buffalo Sabres,3,,16179,2:27,
2023-10-21,Vegas Golden Knights,5,Chicago Blackhawks,3,,19867,2:27,
2023-10-21,Carolina Hurricanes,4,Colorado Avalanche,6,,18131,2:32,
2023-10-21,Philadelphia Flyers,4,Dallas Stars,5,OT,18532,2:34,
2023-10-21,Winnipeg Jets,3,Edmonton Oilers,2,OT,18347,2:40,
2023-10-21,Vancouver Canucks,5,Florida Panthers,3,,16991,2:24,
2023-10-21,Boston Bruins,4,Los Angeles Kings,2,,18145,2:44,
2023-10-21,Columbus Blue Jackets,5,Minnesota Wild,4,OT,18479,2:39,
2023-10-21,Washington Capitals,2,Montreal Canadiens,3,OT,21105,2:31,
2023-10-21,San Jose Sharks,1,Nashville Predators,5,,17222,2:28,
2023-10-21,Detroit Red Wings,5,Ottawa Senators,2,,18834,2:31,
2023-10-21,New York Rangers,4,Seattle Kraken,1,,17151,2:38,
2023-10-21,Pittsburgh Penguins,2,St. Louis Blues,4,,18096,2:21,
2023-10-21,Toronto Maple Leafs,4,Tampa Bay Lightning,3,OT,19092,2:35,
2023-10-22,Boston Bruins,3,Anaheim Ducks,1,,14264,2:26,
2023-10-22,Calgary Flames,2,Detroit Red Wings,6,,17626,2:26,
2023-10-23,Montreal Canadiens,3,Buffalo Sabres,1,,13507,2:22,
2023-10-24,Anaheim Ducks,3,Columbus Blue Jackets,2,OT,16432,2:28,
2023-10-24,New York Rangers,3,Calgary Flames,1,,16800,2:25,
2023-10-24,Boston Bruins,3,Chicago Blackhawks,0,,19370,2:36,
2023-10-24,Seattle Kraken,5,Detroit Red Wings,4,OT,16894,2:40,
2023-10-24,San Jose Sharks,1,Florida Panthers,3,,16142,2:24,
2023-10-24,Arizona Coyotes,3,Los Angeles Kings,6,,17668,2:42,
2023-10-24,Edmonton Oilers,4,Minnesota Wild,7,,17064,2:30,
2023-10-24,New Jersey Devils,5,Montreal Canadiens,2,,21105,2:32,
2023-10-24,Vancouver Canucks,3,Nashville Predators,2,,17159,2:17,
2023-10-24,Colorado Avalanche,7,New York Islanders,4,,14856,2:31,
2023-10-24,Buffalo Sabres,6,Ottawa Senators,4,,14278,2:38,
2023-10-24,Dallas Stars,4,Pittsburgh Penguins,1,,17209,2:29,
2023-10-24,Carolina Hurricanes,0,Tampa Bay Lightning,3,,19092,2:27,
2023-10-24,Philadelphia Flyers,2,Vegas Golden Knights,3,,17717,2:31,
2023-10-24,St. Louis Blues,2,Winnipeg Jets,4,,11136,2:21,
2023-10-24,Toronto Maple Leafs,4,Washington Capitals,1,,16641,2:20,
2023-10-25,Washington Capitals,6,New Jersey Devils,4,,16117,2:23,
2023-10-26,Anaheim Ducks,4,Boston Bruins,3,OT,17850,2:44,
2023-10-26,Seattle Kraken,2,Carolina Hurricanes,3,OT,18780,2:38,
2023-10-26,St. Louis Blues,3,Calgary Flames,0,,16897,2:26,
2023-10-26,Toronto Maple Leafs,4,Dallas Stars,1,,18532,2:21,
2023-10-26,Winnipeg Jets,4,Detroit Red Wings,1,,17857,2:25,
2023-10-26,New York Rangers,3,Edmonton Oilers,0,,17939,2:26,
2023-10-26,Columbus Blue Jackets,3,Montreal Canadiens,4,OT,21105,2:35,
2023-10-26,Ottawa Senators,2,New York Islanders,3,,14911,2:37,
2023-10-26,Minnesota Wild,2,Philadelphia Flyers,6,,17144,2:30,
2023-10-26,Colorado Avalanche,0,Pittsburgh Penguins,4,,17154,2:26,
2023-10-26,San Jose Sharks,0,Tampa Bay Lightning,6,,19092,2:23,
2023-10-27,Los Angeles Kings,5,Arizona Coyotes,4,,4600,2:37,
2023-10-27,San Jose Sharks,0,Carolina Hurricanes,3,,18700,2:37,
2023-10-27,Buffalo Sabres,4,New Jersey Devils,5,,16514,2:30,
2023-10-27,St. Louis Blues,0,Vancouver Canucks,5,,18548,2:23,
2023-10-27,Chicago Blackhawks,4,Vegas Golden Knights,3,OT,18338,2:27,
2023-10-27,Minnesota Wild,2,Washington Capitals,3,SO,16602,2:45,
2023-10-28,Detroit Red Wings,1,Boston Bruins,4,,17850,2:25,
2023-10-28,New York Islanders,2,Columbus Blue Jackets,0,,15424,2:13,
2023-10-28,Seattle Kraken,2,Florida Panthers,3,,16780,2:33,
2023-10-28,Vegas Golden Knights,4,Los Angeles Kings,3,SO,18145,2:38,
2023-10-28,Winnipeg Jets,3,Montreal Canadiens,4,SO,21105,2:41,
2023-10-28,Toronto Maple Leafs,2,Nashville Predators,3,OT,17537,2:31,
2023-10-28,Anaheim Ducks,7,Philadelphia Flyers,4,,18275,2:33,
2023-10-28,Ottawa Senators,5,Pittsburgh Penguins,2,,17631,2:29,
2023-10-28,New York Rangers,4,Vancouver Canucks,3,OT,18483,2:31,
2023-10-29,Colorado Avalanche,0,Buffalo Sabres,4,,15717,2:25,
2023-10-29,Calgary Flames,2,Edmonton Oilers,5,,55411,2:37,at Commonwealth Stadium (Edmonton AB)
2023-10-29,Minnesota Wild,3,New Jersey Devils,4,,16514,2:25,
2023-10-29,San Jose Sharks,1,Washington Capitals,3,,15856,2:26,
2023-10-30,Chicago Blackhawks,1,Arizona Coyotes,8,,4600,2:31,
2023-10-30,Florida Panthers,2,Boston Bruins,3,OT,17850,2:36,
2023-10-30,Columbus Blue Jackets,3,Dallas Stars,5,,18532,2:22,
2023-10-30,Detroit Red Wings,4,New York Islanders,3,OT,15407,2:35,
2023-10-30,Carolina Hurricanes,3,Philadelphia Flyers,2,,15569,2:27,
2023-10-30,Anaheim Ducks,4,Pittsburgh Penguins,3,,16903,2:34,
2023-10-30,Seattle Kraken,4,Tampa Bay Lightning,3,OT,19092,2:30,
2023-10-30,Montreal Canadiens,2,Vegas Golden Knights,3,SO,17791,2:43,
2023-10-30,New York Rangers,3,Winnipeg Jets,2,OT,11898,2:29,
2023-10-31,Los Angeles Kings,4,Toronto Maple Leafs,1,,18531,2:20,
2023-10-31,Nashville Predators,2,Vancouver Canucks,5,,18413,2:23,
2023-11-01,Arizona Coyotes,3,Anaheim Ducks,4,OT,14894,2:37,
2023-11-01,Dallas Stars,4,Calgary Flames,3,,16786,2:32,
2023-11-01,St. Louis Blues,1,Colorado Avalanche,4,,18091,2:31,
2023-11-01,Buffalo Sabres,5,Philadelphia Flyers,2,,17279,2:30,
2023-11-02,Montreal Canadiens,2,Arizona Coyotes,3,,4600,2:33,
2023-11-02,Toronto Maple Leafs,2,Boston Bruins,3,SO,17850,2:36,
2023-11-02,Tampa Bay Lightning,2,Columbus Blue Jackets,4,,14276,2:32,
2023-11-02,Florida Panthers,2,Detroit Red Wings,0,,17233,2:27,
2023-11-02,Dallas Stars,4,Edmonton Oilers,3,,17290,2:32,
2023-11-02,New Jersey Devils,5,Minnesota Wild,3,,18399,2:24,
2023-11-02,Carolina Hurricanes,1,New York Rangers,2,,18006,2:31,
2023-11-02,Los Angeles Kings,3,Ottawa Senators,2,,16216,2:24,
2023-11-02,Nashville Predators,2,Seattle Kraken,4,,17151,2:24,
2023-11-02,Vancouver Canucks,10,San Jose Sharks,1,,10719,2:32,
2023-11-02,Winnipeg Jets,2,Vegas Golden Knights,5,,17878,2:27,
2023-11-02,New York Islanders,3,Washington Capitals,0,,16209,2:23,
2023-11-03,Philadelphia Flyers,5,Buffalo Sabres,1,,16612,2:12,
2023-11-03,New Jersey Devils,1,St. Louis Blues,4,,18096,2:24,
2023-11-04,Winnipeg Jets,5,Arizona Coyotes,3,,4600,2:19,
2023-11-04,Florida Panthers,2,Chicago Blackhawks,5,,18666,2:22,
2023-11-04,Boston Bruins,4,Detroit Red Wings,5,,18676,2:40,
2023-11-04,Nashville Predators,5,Edmonton Oilers,2,,18354,2:28,
2023-11-04,New York Rangers,4,Minnesota Wild,5,SO,18678,2:38,
2023-11-04,Carolina Hurricanes,4,New York Islanders,3,OT,17255,2:31,
2023-11-04,Tampa Bay Lightning,6,Ottawa Senators,4,,17387,2:36,
2023-11-04,Los Angeles Kings,5,Philadelphia Flyers,0,,18304,2:24,
2023-11-04,Calgary Flames,6,Seattle Kraken,3,,17151,2:19,
2023-11-04,Pittsburgh Penguins,10,San Jose Sharks,2,,17435,2:28,
2023-11-04,Montreal Canadiens,3,St. Louis Blues,6,,18096,2:29,
2023-11-04,Buffalo Sabres,6,Toronto Maple Leafs,4,,18902,2:28,
2023-11-04,Dallas Stars,0,Vancouver Canucks,2,,18895,2:25,
2023-11-04,Colorado Avalanche,0,Vegas Golden Knights,7,,18512,2:40,
2023-11-04,Columbus Blue Jackets,1,Washington Capitals,2,,18573,2:30,
2023-11-05,Vegas Golden Knights,2,Anaheim Ducks,4,,15720,2:22,
2023-11-05,New Jersey Devils,4,Chicago Blackhawks,2,,18388,2:31,
2023-11-06,Boston Bruins,3,Dallas Stars,2,,18532,2:37,
2023-11-06,Columbus Blue Jackets,4,Florida Panthers,5,OT,17103,2:27,
2023-11-06,Tampa Bay Lightning,5,Toronto Maple Leafs,6,OT,18445,2:30,
2023-11-06,Edmonton Oilers,2,Vancouver Canucks,6,,18857,2:44,
2023-11-07,Pittsburgh Penguins,2,Anaheim Ducks,0,,16043,2:32,
2023-11-07,Seattle Kraken,3,Arizona Coyotes,4,SO,4600,2:40,
2023-11-07,Buffalo Sabres,2,Carolina Hurricanes,3,OT,18700,2:25,
2023-11-07,Nashville Predators,2,Calgary Flames,4,,16975,2:29,
2023-11-07,New Jersey Devils,3,Colorado Avalanche,6,,18087,2:38,
2023-11-07,Tampa Bay Lightning,5,Montreal Canadiens,3,,21105,2:32,
2023-11-07,Minnesota Wild,4,New York Islanders,2,,13527,2:30,
2023-11-07,Detroit Red Wings,3,New York Rangers,5,,18006,2:25,
2023-11-07,Philadelphia Flyers,1,San Jose Sharks,2,,10074,2:31,
2023-11-07,Winnipeg Jets,5,St. Louis Blues,2,,18096,2:24,
2023-11-08,Ottawa Senators,6,Toronto Maple Leafs,3,,18372,2:20,
2023-11-08,Los Angeles Kings,4,Vegas Golden Knights,1,,18330,2:27,
2023-11-08,Florida Panthers,4,Washington Capitals,3,OT,16104,2:30,
2023-11-09,New York Islanders,2,Boston Bruins,5,,17850,2:24,
2023-11-09,Dallas Stars,5,Columbus Blue Jackets,2,,15253,2:25,
2023-11-09,Seattle Kraken,4,Colorado Avalanche,3,,18124,2:29,
2023-11-09,Montreal Canadiens,3,Detroit Red Wings,2,OT,18504,2:40,
2023-11-09,Pittsburgh Penguins,4,Los Angeles Kings,3,OT,18145,2:31,
2023-11-09,Minnesota Wild,1,New York Rangers,4,,18006,2:23,
2023-11-09,Vancouver Canucks,5,Ottawa Senators,2,,16653,2:22,
2023-11-09,Edmonton Oilers,2,San Jose Sharks,3,,12206,2:26,
2023-11-09,Arizona Coyotes,1,St. Louis Blues,2,,18096,2:36,
2023-11-09,Chicago Blackhawks,5,Tampa Bay Lightning,3,,19092,2:32,
2023-11-09,Nashville Predators,3,Winnipeg Jets,6,,12199,2:30,
2023-11-10,Philadelphia Flyers,6,Anaheim Ducks,3,,15550,2:32,
2023-11-10,Minnesota Wild,2,Buffalo Sabres,3,,17031,2:26,
2023-11-10,Carolina Hurricanes,2,Florida Panthers,5,,17845,2:33,
2023-11-10,Washington Capitals,4,New Jersey Devils,2,,16514,2:26,
2023-11-10,Calgary Flames,4,Toronto Maple Leafs,5,SO,18939,2:38,
2023-11-10,San Jose Sharks,0,Vegas Golden Knights,5,,18423,2:27,
2023-11-11,St. Louis Blues,8,Colorado Avalanche,2,,18132,2:34,
2023-11-11,Columbus Blue Jackets,4,Detroit Red Wings,5,,19156,2:27,
2023-11-11,Philadelphia Flyers,4,Los Angeles Kings,2,,18145,2:25,
2023-11-11,Boston Bruins,2,Montreal Canadiens,3,OT,21105,2:28,
2023-11-11,Arizona Coyotes,7,Nashville Predators,5,,17303,2:24,
2023-11-11,Washington Capitals,4,New York Islanders,1,,16519,2:20,
2023-11-11,Calgary Flames,1,Ottawa Senators,4,,18874,2:26,
2023-11-11,Buffalo Sabres,0,Pittsburgh Penguins,4,,18429,2:16,
2023-11-11,Edmonton Oilers,4,Seattle Kraken,1,,17151,2:31,
2023-11-11,Carolina Hurricanes,4,Tampa Bay Lightning,0,,19092,2:28,
2023-11-11,Vancouver Canucks,2,Toronto Maple Leafs,5,,19107,2:26,
2023-11-11,Dallas Stars,3,Winnipeg Jets,2,,12420,2:28,
2023-11-12,San Jose Sharks,1,Anaheim Ducks,4,,16471,2:29,
2023-11-12,Chicago Blackhawks,3,Florida Panthers,4,,19359,2:26,
2023-11-12,Dallas Stars,8,Minnesota Wild,3,,18509,2:33,
2023-11-12,Vancouver Canucks,5,Montreal Canadiens,2,,21105,2:19,
2023-11-12,Columbus Blue Jackets,3,New York Rangers,4,SO,18006,2:55,
2023-11-13,New York Islanders,1,Edmonton Oilers,4,,17881,2:40,
2023-11-13,Colorado Avalanche,5,Seattle Kraken,1,,17151,2:37,
2023-11-14,Boston Bruins,5,Buffalo Sabres,2,,14840,2:21,
2023-11-14,Pittsburgh Penguins,5,Columbus Blue Jackets,3,,16596,2:23,
2023-11-14,Arizona Coyotes,3,Dallas Stars,4,OT,18532,2:31,
2023-11-14,Calgary Flames,2,Montreal Canadiens,1,,21105,2:29,
2023-11-14,Anaheim Ducks,3,Nashville Predators,2,,17159,2:30,
2023-11-14,Florida Panthers,5,San Jose Sharks,3,,10108,2:35,
2023-11-14,Tampa Bay Lightning,0,St. Louis Blues,5,,17621,2:25,
2023-11-14,New Jersey Devils,3,Winnipeg Jets,6,,11717,2:29,
2023-11-14,Vegas Golden Knights,0,Washington Capitals,3,,16598,2:34,
2023-11-15,Philadelphia Flyers,3,Carolina Hurricanes,1,,18700,2:32,
2023-11-15,Anaheim Ducks,2,Colorado Avalanche,8,,18029,2:32,
2023-11-15,Seattle Kraken,3,Edmonton Oilers,4,OT,18347,2:40,
2023-11-15,New York Islanders,3,Vancouver Canucks,4,OT,18972,2:42,
2023-11-16,Arizona Coyotes,3,Columbus Blue Jackets,2,,15909,2:28,
2023-11-16,Vancouver Canucks,2,Calgary Flames,5,,17501,2:33,
2023-11-16,Tampa Bay Lightning,4,Chicago Blackhawks,2,,18691,2:34,
2023-11-16,Florida Panthers,1,Los Angeles Kings,2,,17243,2:29,
2023-11-16,Vegas Golden Knights,6,Montreal Canadiens,5,,21105,2:39,
2023-11-16,Detroit Red Wings,4,Ottawa Senators,5,OT,12487,2:48,at (Stockholm SE)
2023-11-16,New Jersey Devils,5,Pittsburgh Penguins,2,,18321,2:24,
2023-11-16,New York Islanders,3,Seattle Kraken,4,SO,17151,2:46,
2023-11-16,St. Louis Blues,1,San Jose Sharks,5,,10452,2:31,
2023-11-17,Florida Panthers,2,Anaheim Ducks,1,,14932,2:42,
2023-11-17,Toronto Maple Leafs,3,Detroit Red Wings,2,,13510,2:40,at (Stockholm SE)
2023-11-17,Buffalo Sabres,2,Winnipeg Jets,3,,11340,2:21,
2023-11-18,Montreal Canadiens,2,Boston Bruins,5,,17850,2:29,
2023-11-18,Pittsburgh Penguins,2,Carolina Hurricanes,4,,18700,2:32,
2023-11-18,New York Islanders,5,Calgary Flames,4,SO,17167,2:36,
2023-11-18,Colorado Avalanche,6,Dallas Stars,3,,18532,2:28,
2023-11-18,St. Louis Blues,1,Los Angeles Kings,5,,18145,2:18,
2023-11-18,New York Rangers,5,New Jersey Devils,3,,17086,2:32,
2023-11-18,Chicago Blackhawks,2,Nashville Predators,4,,17397,2:27,
2023-11-18,Minnesota Wild,1,Ottawa Senators,2,SO,13213,2:38,at (Stockholm SE)
2023-11-18,Vegas Golden Knights,3,Philadelphia Flyers,4,OT,18113,2:35,
2023-11-18,Edmonton Oilers,4,Tampa Bay Lightning,6,,19092,2:33,
2023-11-18,Seattle Kraken,4,Vancouver Canucks,3,,18857,2:28,
2023-11-18,Arizona Coyotes,2,Winnipeg Jets,5,,12103,2:29,
2023-11-18,Columbus Blue Jackets,3,Washington Capitals,4,,18573,2:37,
2023-11-19,St. Louis Blues,3,Anaheim Ducks,1,,15243,2:24,
2023-11-19,Buffalo Sabres,3,Chicago Blackhawks,2,,19027,2:21,
2023-11-19,Toronto Maple Leafs,4,Minnesota Wild,3,OT,13356,2:38,at (Stockholm SE)
2023-11-19,Columbus Blue Jackets,2,Philadelphia Flyers,5,,17416,2:36,
2023-11-19,Vegas Golden Knights,0,Pittsburgh Penguins,3,,18120,2:30,
2023-11-20,Los Angeles Kings,4,Arizona Coyotes,1,,4600,2:27,
2023-11-20,New York Rangers,3,Dallas Stars,6,,18532,2:33,
2023-11-20,Edmonton Oilers,3,Florida Panthers,5,,19628,2:43,
2023-11-20,Colorado Avalanche,3,Nashville Predators,4,,17159,2:22,
2023-11-20,Calgary Flames,4,Seattle Kraken,3,OT,17151,2:33,
2023-11-20,Boston Bruins,4,Tampa Bay Lightning,5,OT,19092,2:42,
2023-11-20,San Jose Sharks,1,Vancouver Canucks,3,,18718,2:26,
2023-11-22,Montreal Canadiens,4,Anaheim Ducks,3,,15168,2:31,
2023-11-22,St. Louis Blues,6,Arizona Coyotes,5,,4600,2:33,
2023-11-22,Edmonton Oilers,3,Carolina Hurricanes,6,,18805,2:34,
2023-11-22,Chicago Blackhawks,3,Columbus Blue Jackets,7,,18158,2:21,
2023-11-22,Vancouver Canucks,2,Colorado Avalanche,5,,18133,2:32,
2023-11-22,Vegas Golden Knights,2,Dallas Stars,1,OT,18532,2:31,
2023-11-22,New Jersey Devils,0,Detroit Red Wings,4,,19515,2:17,
2023-11-22,Boston Bruins,3,Florida Panthers,1,,19327,2:28,
2023-11-22,Calgary Flames,2,Nashville Predators,4,,17252,2:38,
2023-11-22,Philadelphia Flyers,2,New York Islanders,3,,17255,2:30,
2023-11-22,New York Rangers,1,Pittsburgh Penguins,0,,18250,2:31,
2023-11-22,San Jose Sharks,1,Seattle Kraken,7,,17151,2:25,
2023-11-22,Winnipeg Jets,3,Tampa Bay Lightning,2,OT,19092,2:24,
2023-11-22,Buffalo Sabres,3,Washington Capitals,4,OT,18573,2:29,
2023-11-24,Los Angeles Kings,5,Anaheim Ducks,2,,17205,2:33,
2023-11-24,Detroit Red Wings,5,Boston Bruins,2,,17850,2:35,
2023-11-24,Pittsburgh Penguins,2,Buffalo Sabres,3,,19070,2:29,
2023-11-24,Tampa Bay Lightning,8,Carolina Hurricanes,2,,18802,2:34,
2023-11-24,Toronto Maple Leafs,3,Chicago Blackhawks,4,OT,20238,2:32,
2023-11-24,Calgary Flames,7,Dallas Stars,4,,18532,2:20,
2023-11-24,Winnipeg Jets,3,Florida Panthers,0,,18801,2:30,
2023-11-24,Colorado Avalanche,3,Minnesota Wild,2,,19057,2:23,
2023-11-24,Columbus Blue Jackets,2,New Jersey Devils,1,,16514,2:22,
2023-11-24,New York Islanders,5,Ottawa Senators,3,,17693,2:30,
2023-11-24,New York Rangers,3,Philadelphia Flyers,1,,19032,2:31,
2023-11-24,Vancouver Canucks,5,Seattle Kraken,1,,17151,2:31,
2023-11-24,Montreal Canadiens,3,San Jose Sharks,2,SO,16897,2:35,
2023-11-24,Nashville Predators,8,St. Louis Blues,3,,18096,2:26,
2023-11-24,Edmonton Oilers,5,Washington Capitals,0,,18573,2:31,
2023-11-25,Calgary Flames,1,Colorado Avalanche,3,,18139,2:30,
2023-11-25,Montreal Canadiens,0,Los Angeles Kings,4,,18145,2:24,
2023-11-25,Buffalo Sabres,2,New Jersey Devils,7,,16514,2:24,
2023-11-25,Philadelphia Flyers,1,New York Islanders,0,SO,17255,2:41,
2023-11-25,Boston Bruins,4,New York Rangers,7,,18006,2:41,
2023-11-25,Toronto Maple Leafs,2,Pittsburgh Penguins,3,,18229,2:27,
2023-11-25,Vancouver Canucks,3,San Jose Sharks,4,,15538,2:36,
2023-11-25,Arizona Coyotes,2,Vegas Golden Knights,0,,18591,2:26,
2023-11-26,Columbus Blue Jackets,2,Carolina Hurricanes,3,,18700,2:22,
2023-11-26,St. Louis Blues,4,Chicago Blackhawks,2,,18223,2:23,
2023-11-26,Minnesota Wild,1,Detroit Red Wings,4,,18833,2:31,
2023-11-26,Anaheim Ducks,2,Edmonton Oilers,8,,17781,2:28,
2023-11-26,Winnipeg Jets,2,Nashville Predators,3,,17159,2:33,
2023-11-27,Boston Bruins,2,Columbus Blue Jackets,5,,14357,2:30,
2023-11-27,Vegas Golden Knights,1,Calgary Flames,2,OT,17031,2:34,
2023-11-27,Tampa Bay Lightning,1,Colorado Avalanche,4,,18009,2:34,
2023-11-27,Buffalo Sabres,5,New York Rangers,1,,18006,2:21,
2023-11-27,Florida Panthers,5,Ottawa Senators,0,,15594,2:44,
2023-11-27,Washington Capitals,1,San Jose Sharks,2,,10759,2:31,
2023-11-28,Tampa Bay Lightning,1,Arizona Coyotes,3,,4600,2:20,
2023-11-28,Seattle Kraken,3,Chicago Blackhawks,4,,17070,2:34,
2023-11-28,Vegas Golden Knights,4,Edmonton Oilers,5,SO,18098,2:37,
2023-11-28,St. Louis Blues,1,Minnesota Wild,3,,17563,2:23,
2023-11-28,New York Islanders,4,New Jersey Devils,5,,16091,2:26,
2023-11-28,Pittsburgh Penguins,2,Nashville Predators,3,OT,17159,2:27,
2023-11-28,Carolina Hurricanes,4,Philadelphia Flyers,1,,17885,2:26,
2023-11-28,Florida Panthers,1,Toronto Maple Leafs,2,SO,18508,2:46,
2023-11-28,Anaheim Ducks,1,Vancouver Canucks,3,,18639,2:21,
2023-11-28,Dallas Stars,2,Winnipeg Jets,0,,11439,2:21,
2023-11-29,Montreal Canadiens,4,Columbus Blue Jackets,2,,14316,2:12,
2023-11-29,Washington Capitals,2,Los Angeles Kings,1,,18145,2:23,
2023-11-29,Detroit Red Wings,2,New York Rangers,3,,18006,2:34,
2023-11-30,Washington Capitals,5,Anaheim Ducks,4,,14336,2:35,
2023-11-30,Colorado Avalanche,3,Arizona Coyotes,4,OT,4600,2:30,
2023-11-30,San Jose Sharks,0,Boston Bruins,3,,17850,2:32,
2023-11-30,New York Islanders,5,Carolina Hurricanes,4,OT,18700,2:43,
2023-11-30,Dallas Stars,3,Calgary Flames,4,OT,16941,2:29,
2023-11-30,Chicago Blackhawks,1,Detroit Red Wings,5,,19515,2:21,
2023-11-30,Florida Panthers,5,Montreal Canadiens,1,,21105,2:31,
2023-11-30,Minnesota Wild,6,Nashville Predators,1,,17159,2:38,
2023-11-30,New Jersey Devils,4,Philadelphia Flyers,3,OT,17748,2:40,
2023-11-30,Buffalo Sabres,4,St. Louis Blues,6,,18096,2:27,
2023-11-30,Pittsburgh Penguins,4,Tampa Bay Lightning,2,,19092,2:19,
2023-11-30,Seattle Kraken,3,Toronto Maple Leafs,4,SO,18366,2:38,
2023-11-30,Vegas Golden Knights,4,Vancouver Canucks,1,,18856,2:19,
2023-11-30,Edmonton Oilers,3,Winnipeg Jets,1,,13611,2:26,
2023-12-01,Ottawa Senators,2,Columbus Blue Jackets,4,,15552,2:27,
2023-12-01,San Jose Sharks,6,New Jersey Devils,3,,16528,2:30,
2023-12-02,Colorado Avalanche,3,Anaheim Ducks,4,SO,14712,2:45,
2023-12-02,St. Louis Blues,1,Arizona Coyotes,4,,4600,2:35,
2023-12-02,Buffalo Sabres,2,Carolina Hurricanes,6,,18797,2:27,
2023-12-02,Vancouver Canucks,4,Calgary Flames,3,,19079,2:29,
2023-12-02,Tampa Bay Lightning,1,Dallas Stars,8,,18532,2:30,
2023-12-02,New York Islanders,4,Florida Panthers,3,,18721,2:28,
2023-12-02,Detroit Red Wings,5,Montreal Canadiens,4,OT,21105,2:34,
2023-12-02,New York Rangers,4,Nashville Predators,3,,17341,2:34,
2023-12-02,Seattle Kraken,0,Ottawa Senators,2,,18159,2:28,
2023-12-02,Philadelphia Flyers,4,Pittsburgh Penguins,3,SO,18303,2:41,
2023-12-02,Boston Bruins,4,Toronto Maple Leafs,3,OT,18959,2:40,
2023-12-02,Washington Capitals,1,Vegas Golden Knights,4,,18140,2:25,
2023-12-02,Chicago Blackhawks,1,Winnipeg Jets,3,,14189,2:19,
2023-12-03,Columbus Blue Jackets,1,Boston Bruins,3,,17850,2:20,
2023-12-03,Nashville Predators,2,Buffalo Sabres,1,,14644,2:25,
2023-12-03,Colorado Avalanche,1,Los Angeles Kings,4,,18145,2:24,
2023-12-03,Chicago Blackhawks,1,Minnesota Wild,4,,19301,2:21,
2023-12-03,San Jose Sharks,5,New York Rangers,6,,18006,2:31,
2023-12-04,Washington Capitals,0,Arizona Coyotes,6,,4600,2:27,
2023-12-04,Seattle Kraken,2,Montreal Canadiens,4,,20915,2:22,
2023-12-04,Pittsburgh Penguins,1,Philadelphia Flyers,2,OT,18084,2:26,
2023-12-04,Dallas Stars,0,Tampa Bay Lightning,4,,19092,2:19,
2023-12-04,St. Louis Blues,2,Vegas Golden Knights,1,OT,17826,2:26,
2023-12-04,Carolina Hurricanes,1,Winnipeg Jets,2,,11468,2:22,
2023-12-05,Detroit Red Wings,5,Buffalo Sabres,3,,14800,2:28,
2023-12-05,Los Angeles Kings,4,Columbus Blue Jackets,3,OT,15088,2:28,
2023-12-05,Minnesota Wild,5,Calgary Flames,2,,16661,2:33,
2023-12-05,Nashville Predators,4,Chicago Blackhawks,3,SO,16521,2:26,
2023-12-05,Anaheim Ducks,2,Colorado Avalanche,3,,18021,2:28,
2023-12-05,San Jose Sharks,5,New York Islanders,4,OT,14244,2:36,
2023-12-05,New York Rangers,2,Ottawa Senators,6,,17362,2:28,
2023-12-05,New Jersey Devils,6,Vancouver Canucks,5,,18983,2:30,
2023-12-06,Carolina Hurricanes,1,Edmonton Oilers,6,,18347,2:31,
2023-12-06,Dallas Stars,4,Florida Panthers,5,,18376,2:32,
2023-12-06,Vegas Golden Knights,6,St. Louis Blues,3,,18096,2:35,
2023-12-06,Pittsburgh Penguins,1,Tampa Bay Lightning,3,,19092,2:26,
2023-12-07,Philadelphia Flyers,4,Arizona Coyotes,1,,4600,2:19,
2023-12-07,Buffalo Sabres,3,Boston Bruins,1,,17850,2:24,
2023-12-07,Carolina Hurricanes,2,Calgary Flames,3,,16983,2:34,
2023-12-07,Anaheim Ducks,0,Chicago Blackhawks,1,,17424,2:20,
2023-12-07,Winnipeg Jets,4,Colorado Avalanche,2,,18008,2:20,
2023-12-07,San Jose Sharks,6,Detroit Red Wings,5,OT,19515,2:29,
2023-12-07,Los Angeles Kings,4,Montreal Canadiens,0,,21105,2:27,
2023-12-07,Tampa Bay Lightning,1,Nashville Predators,5,,17159,2:28,
2023-12-07,Columbus Blue Jackets,3,New York Islanders,7,,13510,2:29,
2023-12-07,Toronto Maple Leafs,4,Ottawa Senators,3,,19309,2:22,
2023-12-07,New Jersey Devils,2,Seattle Kraken,1,,17151,2:23,
2023-12-07,Minnesota Wild,0,Vancouver Canucks,2,,18667,2:41,
2023-12-07,Dallas Stars,5,Washington Capitals,4,SO,15850,2:38,
2023-12-08,St. Louis Blues,2,Columbus Blue Jackets,5,,15713,2:31,
2023-12-08,Minnesota Wild,3,Edmonton Oilers,4,,18173,2:26,
2023-12-08,Pittsburgh Penguins,1,Florida Panthers,3,,18640,2:18,
2023-12-09,Arizona Coyotes,3,Boston Bruins,5,,17850,2:33,
2023-12-09,Montreal Canadiens,3,Buffalo Sabres,2,SO,17123,2:43,
2023-12-09,New Jersey Devils,4,Calgary Flames,2,,17597,2:25,
2023-12-09,St. Louis Blues,1,Chicago Blackhawks,3,,18892,2:24,
2023-12-09,Philadelphia Flyers,5,Colorado Avalanche,2,,18119,2:27,
2023-12-09,Vegas Golden Knights,6,Dallas Stars,1,,18532,2:17,
2023-12-09,Ottawa Senators,5,Detroit Red Wings,1,,19515,2:45,
2023-12-09,Los Angeles Kings,2,New York Islanders,3,OT,17255,2:36,
2023-12-09,Tampa Bay Lightning,4,Seattle Kraken,3,OT,17151,2:32,
2023-12-09,Nashville Predators,0,Toronto Maple Leafs,4,,18611,2:23,
2023-12-09,Carolina Hurricanes,3,Vancouver Canucks,4,,18586,2:31,
2023-12-09,New York Rangers,0,Washington Capitals,4,,18573,2:29,
2023-12-10,Winnipeg Jets,4,Anaheim Ducks,2,,13626,2:28,
2023-12-10,Florida Panthers,5,Columbus Blue Jackets,2,,16269,2:29,
2023-12-10,Washington Capitals,4,Chicago Blackhawks,2,,18258,2:25,
2023-12-10,New Jersey Devils,1,Edmonton Oilers,4,,18347,2:31,
2023-12-10,Nashville Predators,2,Montreal Canadiens,1,,20864,2:32,
2023-12-10,Los Angeles Kings,1,New York Rangers,4,,18006,2:32,
2023-12-10,Minnesota Wild,3,Seattle Kraken,0,,17151,2:29,
2023-12-10,San Jose Sharks,4,Vegas Golden Knights,5,SO,17849,2:40,
2023-12-11,Arizona Coyotes,2,Buffalo Sabres,5,,14083,2:24,
2023-12-11,Calgary Flames,5,Colorado Avalanche,6,,17967,2:37,
2023-12-11,Detroit Red Wings,3,Dallas Stars,6,,18532,2:28,
2023-12-11,Toronto Maple Leafs,3,New York Islanders,4,OT,17255,2:28,
2023-12-12,Chicago Blackhawks,1,Edmonton Oilers,4,,18347,2:23,
2023-12-12,Philadelphia Flyers,2,Nashville Predators,3,OT,17159,2:27,
2023-12-12,Toronto Maple Leafs,7,New York Rangers,3,,18006,2:26,
2023-12-12,Carolina Hurricanes,4,Ottawa Senators,1,,16877,2:27,
2023-12-12,Arizona Coyotes,2,Pittsburgh Penguins,4,,17068,2:29,
2023-12-12,Florida Panthers,0,Seattle Kraken,4,,17151,2:28,
2023-12-12,Winnipeg Jets,1,San Jose Sharks,2,,13142,2:27,
2023-12-12,Detroit Red Wings,6,St. Louis Blues,4,,18096,2:36,
2023-12-12,Tampa Bay Lightning,1,Vancouver Canucks,4,,18771,2:22,
2023-12-12,Calgary Flames,4,Vegas Golden Knights,5,OT,17814,2:30,
2023-12-13,Buffalo Sabres,1,Colorado Avalanche,5,,18034,2:32,
2023-12-13,Winnipeg Jets,5,Los Angeles Kings,2,,18145,2:23,
2023-12-13,Pittsburgh Penguins,4,Montreal Canadiens,3,SO,21105,2:50,
2023-12-13,Boston Bruins,1,New Jersey Devils,2,OT,16514,2:33,
2023-12-13,Anaheim Ducks,3,New York Islanders,4,,14207,2:34,
2023-12-14,Carolina Hurricanes,2,Detroit Red Wings,1,,19515,2:24,
2023-12-14,Tampa Bay Lightning,7,Edmonton Oilers,4,,18060,2:35,
2023-12-14,Calgary Flames,2,Minnesota Wild,3,SO,18167,2:44,
2023-12-14,Washington Capitals,3,Philadelphia Flyers,4,SO,18557,2:43,
2023-12-14,Chicago Blackhawks,1,Seattle Kraken,7,,17151,2:19,
2023-12-14,Ottawa Senators,2,St. Louis Blues,4,,18096,2:24,
2023-12-14,Columbus Blue Jackets,6,Toronto Maple Leafs,5,OT,18338,2:39,
2023-12-14,Florida Panthers,0,Vancouver Canucks,4,,18873,2:19,
2023-12-15,San Jose Sharks,0,Arizona Coyotes,1,,4600,2:33,
2023-12-15,Nashville Predators,6,Carolina Hurricanes,5,OT,18770,2:32,
2023-12-15,Ottawa Senators,4,Dallas Stars,5,,18532,2:32,
2023-12-15,Boston Bruins,5,New York Islanders,4,SO,17255,2:54,
2023-12-15,Anaheim Ducks,1,New York Rangers,5,,18006,2:34,
2023-12-15,Buffalo Sabres,5,Vegas Golden Knights,2,,18008,2:27,
2023-12-16,Buffalo Sabres,0,Arizona Coyotes,2,,4600,2:11,
2023-12-16,New York Rangers,2,Boston Bruins,1,OT,17850,2:35,
2023-12-16,New Jersey Devils,6,Columbus Blue Jackets,3,,18172,2:24,
2023-12-16,Tampa Bay Lightning,2,Calgary Flames,4,,16801,2:27,
2023-12-16,Florida Panthers,5,Edmonton Oilers,1,,18347,2:34,
2023-12-16,Vancouver Canucks,1,Minnesota Wild,2,SO,18519,2:39,
2023-12-16,New York Islanders,3,Montreal Canadiens,5,,21105,2:23,
2023-12-16,Washington Capitals,1,Nashville Predators,3,,17267,2:20,
2023-12-16,Detroit Red Wings,0,Philadelphia Flyers,1,,18341,2:31,
2023-12-16,Los Angeles Kings,3,Seattle Kraken,2,SO,17151,2:42,
2023-12-16,Dallas Stars,3,St. Louis Blues,4,OT,18096,2:32,
2023-12-16,Pittsburgh Penguins,0,Toronto Maple Leafs,7,,18921,2:30,
2023-12-16,Colorado Avalanche,2,Winnipeg Jets,6,,13515,2:20,
2023-12-17,Washington Capitals,2,Carolina Hurricanes,1,SO,18700,2:44,
2023-12-17,Vancouver Canucks,4,Chicago Blackhawks,3,,19302,2:19,
2023-12-17,San Jose Sharks,2,Colorado Avalanche,6,,18093,2:29,
2023-12-17,Anaheim Ducks,5,New Jersey Devils,1,,16514,2:25,
2023-12-17,Ottawa Senators,3,Vegas Golden Knights,6,,17892,2:30,
2023-12-18,Florida Panthers,1,Calgary Flames,3,,16813,2:27,
2023-12-18,Seattle Kraken,3,Dallas Stars,4,OT,18532,2:32,
2023-12-18,Anaheim Ducks,4,Detroit Red Wings,3,,19515,2:33,
2023-12-18,Minnesota Wild,3,Pittsburgh Penguins,4,,18200,2:32,
2023-12-18,Montreal Canadiens,3,Winnipeg Jets,2,OT,13363,2:29,
2023-12-19,Ottawa Senators,3,Arizona Coyotes,4,,4600,2:30,
2023-12-19,Minnesota Wild,4,Boston Bruins,3,OT,17850,2:36,
2023-12-19,Columbus Blue Jackets,9,Buffalo Sabres,4,,14888,2:25,
2023-12-19,Vegas Golden Knights,3,Carolina Hurricanes,6,,18848,2:32,
2023-12-19,Colorado Avalanche,2,Chicago Blackhawks,3,,19719,2:24,
2023-12-19,Philadelphia Flyers,3,New Jersey Devils,2,OT,16514,2:26,
2023-12-19,Vancouver Canucks,5,Nashville Predators,2,,17159,2:22,
2023-12-19,Edmonton Oilers,1,New York Islanders,3,,16523,2:17,
2023-12-19,Los Angeles Kings,4,San Jose Sharks,1,,11593,2:23,
2023-12-19,St. Louis Blues,1,Tampa Bay Lightning,6,,19092,2:22,
2023-12-19,New York Rangers,5,Toronto Maple Leafs,2,,19264,2:22,
2023-12-20,Seattle Kraken,2,Los Angeles Kings,1,,18145,2:28,
2023-12-20,Detroit Red Wings,2,Winnipeg Jets,5,,12571,2:26,
2023-12-20,New York Islanders,2,Washington Capitals,3,OT,18573,2:24,
2023-12-21,Calgary Flames,3,Anaheim Ducks,0,,16102,2:25,
2023-12-21,Toronto Maple Leafs,3,Buffalo Sabres,9,,19070,2:22,
2023-12-21,Washington Capitals,3,Columbus Blue Jackets,2,OT,18172,2:32,
2023-12-21,Ottawa Senators,4,Colorado Avalanche,6,,18107,2:39,
2023-12-21,Vancouver Canucks,3,Dallas Stars,4,OT,18532,2:32,
2023-12-21,St. Louis Blues,4,Florida Panthers,1,,18753,2:29,
2023-12-21,Montreal Canadiens,3,Minnesota Wild,4,OT,18387,2:38,
2023-12-21,Edmonton Oilers,6,New Jersey Devils,3,,16514,2:26,
2023-12-21,Nashville Predators,4,Philadelphia Flyers,2,,19313,2:33,
2023-12-21,Carolina Hurricanes,1,Pittsburgh Penguins,2,SO,18267,2:37,
2023-12-21,Arizona Coyotes,5,San Jose Sharks,2,,17435,2:26,
2023-12-21,Vegas Golden Knights,4,Tampa Bay Lightning,5,,19092,2:35,
2023-12-22,Montreal Canadiens,5,Chicago Blackhawks,2,,20340,2:25,
2023-12-22,Philadelphia Flyers,6,Detroit Red Wings,7,SO,19515,2:50,
2023-12-22,Edmonton Oilers,4,New York Rangers,3,,18006,2:29,
2023-12-22,Boston Bruins,1,Winnipeg Jets,5,,14405,2:34,
2023-12-23,Seattle Kraken,3,Anaheim Ducks,2,,14608,2:28,
2023-12-23,New York Islanders,5,Carolina Hurricanes,4,,18921,2:31,
2023-12-23,Toronto Maple Leafs,4,Columbus Blue Jackets,1,,17806,2:24,
2023-12-23,Arizona Coyotes,1,Colorado Avalanche,4,,18117,2:21,
2023-12-23,Vegas Golden Knights,2,Florida Panthers,4,,19364,2:37,
2023-12-23,Calgary Flames,3,Los Angeles Kings,5,,18145,2:35,
2023-12-23,Boston Bruins,2,Minnesota Wild,3,,19183,2:33,
2023-12-23,Detroit Red Wings,2,New Jersey Devils,3,,16514,2:31,
2023-12-23,Dallas Stars,3,Nashville Predators,2,,17159,2:28,
2023-12-23,Buffalo Sabres,3,New York Rangers,4,OT,18006,2:36,
2023-12-23,Pittsburgh Penguins,4,Ottawa Senators,5,OT,19286,2:34,
2023-12-23,Chicago Blackhawks,5,St. Louis Blues,7,,18096,2:27,
2023-12-23,San Jose Sharks,4,Vancouver Canucks,7,,18875,2:32,
2023-12-23,Tampa Bay Lightning,2,Washington Capitals,1,SO,18573,2:37,
2023-12-27,Vegas Golden Knights,2,Anaheim Ducks,5,,15109,2:19,
2023-12-27,Colorado Avalanche,4,Arizona Coyotes,5,OT,4600,2:30,
2023-12-27,Boston Bruins,4,Buffalo Sabres,1,,19070,2:31,
2023-12-27,Seattle Kraken,2,Calgary Flames,1,,18881,2:23,
2023-12-27,Winnipeg Jets,1,Chicago Blackhawks,2,OT,20540,2:27,
2023-12-27,San Jose Sharks,1,Los Angeles Kings,5,,18145,2:25,
2023-12-27,Detroit Red Wings,3,Minnesota Wild,6,,19105,2:23,
2023-12-27,Columbus Blue Jackets,3,New Jersey Devils,4,OT,16514,2:30,
2023-12-27,Carolina Hurricanes,5,Nashville Predators,2,,17846,2:32,
2023-12-27,Pittsburgh Penguins,7,New York Islanders,0,,17255,2:30,
2023-12-27,Washington Capitals,1,New York Rangers,5,,18006,2:19,
2023-12-27,Dallas Stars,1,St. Louis Blues,2,,18096,2:24,
2023-12-27,Florida Panthers,3,Tampa Bay Lightning,2,,19092,2:28,
2023-12-27,Ottawa Senators,4,Toronto Maple Leafs,2,,19261,2:30,
2023-12-28,Montreal Canadiens,3,Carolina Hurricanes,5,,18969,2:38,
2023-12-28,Edmonton Oilers,5,San Jose Sharks,0,,17435,2:20,
2023-12-28,Philadelphia Flyers,4,Vancouver Canucks,1,,18986,2:27,
2023-12-28,Los Angeles Kings,2,Vegas Golden Knights,3,,18595,2:28,
2023-12-29,Arizona Coyotes,2,Anaheim Ducks,0,,16052,2:35,
2023-12-29,Toronto Maple Leafs,5,Columbus Blue Jackets,6,OT,18516,2:37,
2023-12-29,Chicago Blackhawks,4,Dallas Stars,5,OT,18532,2:33,
2023-12-29,Nashville Predators,4,Detroit Red Wings,5,OT,19515,2:36,
2023-12-29,New York Rangers,3,Florida Panthers,4,,19723,2:34,
2023-12-29,Washington Capitals,1,New York Islanders,5,,17255,2:23,
2023-12-29,New Jersey Devils,6,Ottawa Senators,2,,20022,2:22,
2023-12-29,Philadelphia Flyers,1,Seattle Kraken,2,OT,17151,2:26,
2023-12-29,Colorado Avalanche,2,St. Louis Blues,1,,18096,2:23,
2023-12-30,New Jersey Devils,2,Boston Bruins,5,,17850,2:27,
2023-12-30,Columbus Blue Jackets,2,Buffalo Sabres,3,OT,19070,2:21,
2023-12-30,Montreal Canadiens,1,Florida Panthers,4,,19663,2:24,
2023-12-30,Edmonton Oilers,3,Los Angeles Kings,2,SO,18145,2:39,
2023-12-30,St. Louis Blues,2,Pittsburgh Penguins,4,,18321,2:27,
2023-12-30,New York Rangers,5,Tampa Bay Lightning,1,,19092,2:35,
2023-12-30,Carolina Hurricanes,3,Toronto Maple Leafs,2,,18974,2:31,
2023-12-30,Minnesota Wild,2,Winnipeg Jets,4,,15225,2:25,
2023-12-30,Nashville Predators,3,Washington Capitals,2,SO,18573,2:45,
2023-12-31,Edmonton Oilers,7,Anaheim Ducks,2,,16041,2:25,
2023-12-31,Philadelphia Flyers,3,Calgary Flames,4,,18723,2:28,
2023-12-31,San Jose Sharks,1,Colorado Avalanche,3,,18140,2:38,
2023-12-31,Chicago Blackhawks,1,Dallas Stars,8,,18532,2:25,
2023-12-31,Boston Bruins,5,Detroit Red Wings,3,,19515,2:37,
2023-12-31,Winnipeg Jets,3,Minnesota Wild,2,,19129,2:28,
2023-12-31,Buffalo Sabres,1,Ottawa Senators,5,,19421,2:31,
2023-12-31,New York Islanders,1,Pittsburgh Penguins,3,,18216,2:37,
2023-12-31,Montreal Canadiens,3,Tampa Bay Lightning,4,,19092,2:33,
2024-01-01,Vegas Golden Knights,0,Seattle Kraken,3,,47313,2:35,at T-Mobile Park (Seattle WA)
2024-01-02,Florida Panthers,4,Arizona Coyotes,1,,4600,2:35,
2024-01-02,Boston Bruins,4,Columbus Blue Jackets,1,,18262,2:27,
2024-01-02,New York Islanders,4,Colorado Avalanche,5,OT,18121,2:31,
2024-01-02,Montreal Canadiens,4,Dallas Stars,3,,18532,2:24,
2024-01-02,Philadelphia Flyers,2,Edmonton Oilers,5,,18347,2:19,
2024-01-02,Toronto Maple Leafs,3,Los Angeles Kings,0,,18145,2:33,
2024-01-02,Calgary Flames,3,Minnesota Wild,1,,18456,2:21,
2024-01-02,Chicago Blackhawks,0,Nashville Predators,3,,17363,2:23,
2024-01-02,Carolina Hurricanes,6,New York Rangers,1,,18006,2:28,
2024-01-02,Washington Capitals,4,Pittsburgh Penguins,3,,18190,2:33,
2024-01-02,Detroit Red Wings,5,San Jose Sharks,3,,12195,2:34,
2024-01-02,Ottawa Senators,3,Vancouver Canucks,6,,18810,2:22,
2024-01-02,Tampa Bay Lightning,2,Winnipeg Jets,4,,14157,2:20,
2024-01-03,Toronto Maple Leafs,2,Anaheim Ducks,1,OT,16135,2:42,
2024-01-03,New Jersey Devils,6,Washington Capitals,3,,17156,2:34,
2024-01-04,New York Islanders,5,Arizona Coyotes,1,,4600,2:21,
2024-01-04,Pittsburgh Penguins,6,Boston Bruins,5,,17850,2:35,
2024-01-04,Colorado Avalanche,5,Dallas Stars,4,OT,18532,2:38,
2024-01-04,Detroit Red Wings,4,Los Angeles Kings,3,SO,18145,2:34,
2024-01-04,Tampa Bay Lightning,4,Minnesota Wild,1,,18689,2:25,
2024-01-04,Buffalo Sabres,6,Montreal Canadiens,1,,21105,2:35,
2024-01-04,Calgary Flames,6,Nashville Predators,3,,17203,2:37,
2024-01-04,Chicago Blackhawks,1,New York Rangers,4,,18006,2:22,
2024-01-04,Columbus Blue Jackets,3,Philadelphia Flyers,2,SO,17510,2:39,
2024-01-04,Ottawa Senators,1,Seattle Kraken,4,,17151,2:20,
2024-01-04,Winnipeg Jets,2,San Jose Sharks,1,,10521,2:16,
2024-01-04,Vancouver Canucks,1,St. Louis Blues,2,,18096,2:23,
2024-01-04,Florida Panthers,4,Vegas Golden Knights,1,,18044,2:38,
2024-01-05,Winnipeg Jets,3,Anaheim Ducks,1,,13883,2:24,
2024-01-05,Chicago Blackhawks,2,New Jersey Devils,4,,16514,2:32,
2024-01-05,Carolina Hurricanes,6,Washington Capitals,2,,18573,2:32,
2024-01-06,Tampa Bay Lightning,3,Boston Bruins,7,,17850,2:28,
2024-01-06,St. Louis Blues,2,Carolina Hurricanes,1,SO,18903,2:36,
2024-01-06,Minnesota Wild,4,Columbus Blue Jackets,3,OT,18771,2:41,
2024-01-06,Florida Panthers,8,Colorado Avalanche,4,,18132,2:32,
2024-01-06,Nashville Predators,4,Dallas Stars,3,,18532,2:30,
2024-01-06,Ottawa Senators,1,Edmonton Oilers,3,,18347,2:27,
2024-01-06,New York Rangers,3,Montreal Canadiens,4,SO,21105,2:34,
2024-01-06,Vancouver Canucks,6,New Jersey Devils,4,,16157,2:36,
2024-01-06,Calgary Flames,2,Philadelphia Flyers,3,,19715,2:37,
2024-01-06,Buffalo Sabres,3,Pittsburgh Penguins,1,,18256,2:30,
2024-01-06,Toronto Maple Leafs,4,San Jose Sharks,1,,17435,2:24,
2024-01-06,New York Islanders,2,Vegas Golden Knights,5,,18312,2:33,
2024-01-07,Detroit Red Wings,3,Anaheim Ducks,2,,17174,2:29,
2024-01-07,Winnipeg Jets,6,Arizona Coyotes,2,,4600,2:29,
2024-01-07,Calgary Flames,3,Chicago Blackhawks,4,,19907,2:33,
2024-01-07,Los Angeles Kings,3,Washington Capitals,4,,18573,2:26,
2024-01-08,Boston Bruins,3,Colorado Avalanche,4,SO,18050,2:56,
2024-01-08,Dallas Stars,4,Minnesota Wild,0,,18087,2:33,
2024-01-08,Vancouver Canucks,6,New York Rangers,3,,18006,2:28,
2024-01-08,Pittsburgh Penguins,4,Philadelphia Flyers,1,,18279,2:36,
2024-01-09,Boston Bruins,3,Arizona Coyotes,4,OT,4600,2:48,
2024-01-09,Seattle Kraken,5,Buffalo Sabres,2,,14628,2:19,
2024-01-09,Ottawa Senators,3,Calgary Flames,6,,17219,2:30,
2024-01-09,Edmonton Oilers,2,Chicago Blackhawks,1,,19756,2:30,
2024-01-09,Anaheim Ducks,5,Nashville Predators,3,,17159,2:33,
2024-01-09,Vancouver Canucks,5,New York Islanders,2,,15690,2:20,
2024-01-09,Florida Panthers,5,St. Louis Blues,1,,18096,2:25,
2024-01-09,Los Angeles Kings,2,Tampa Bay Lightning,3,OT,19092,2:30,
2024-01-09,San Jose Sharks,1,Toronto Maple Leafs,7,,18364,2:28,
2024-01-09,Columbus Blue Jackets,0,Winnipeg Jets,5,,12512,2:23,
2024-01-10,Vegas Golden Knights,0,Colorado Avalanche,3,,18039,2:24,
2024-01-10,Minnesota Wild,2,Dallas Stars,7,,18532,2:31,
2024-01-10,Montreal Canadiens,2,Philadelphia Flyers,3,SO,18238,2:38,
2024-01-11,Calgary Flames,6,Arizona Coyotes,2,,4600,2:23,
2024-01-11,Ottawa Senators,3,Buffalo Sabres,5,,16083,2:25,
2024-01-11,Anaheim Ducks,3,Carolina Hurricanes,6,,18748,2:34,
2024-01-11,Edmonton Oilers,3,Detroit Red Wings,2,OT,19515,2:32,
2024-01-11,Los Angeles Kings,2,Florida Panthers,3,OT,18616,2:43,
2024-01-11,San Jose Sharks,3,Montreal Canadiens,2,,21105,2:30,
2024-01-11,Toronto Maple Leafs,3,New York Islanders,4,OT,17255,2:25,
2024-01-11,Vancouver Canucks,4,Pittsburgh Penguins,3,OT,18190,2:32,
2024-01-11,New York Rangers,2,St. Louis Blues,5,,18096,2:20,
2024-01-11,New Jersey Devils,3,Tampa Bay Lightning,4,OT,19092,2:34,
2024-01-11,Boston Bruins,1,Vegas Golden Knights,2,OT,18209,2:30,
2024-01-11,Chicago Blackhawks,1,Winnipeg Jets,2,,15225,2:16,
2024-01-11,Seattle Kraken,4,Washington Capitals,1,,17935,2:22,
2024-01-12,Nashville Predators,6,Dallas Stars,3,,18532,2:29,
2024-01-12,Philadelphia Flyers,4,Minnesota Wild,3,OT,18473,2:35,
2024-01-13,Vancouver Canucks,1,Buffalo Sabres,0,,17662,2:35,
2024-01-13,Pittsburgh Penguins,2,Carolina Hurricanes,3,OT,18932,2:34,
2024-01-13,Seattle Kraken,7,Columbus Blue Jackets,4,,18588,2:28,
2024-01-13,Dallas Stars,3,Chicago Blackhawks,1,,18889,2:27,
2024-01-13,Los Angeles Kings,3,Detroit Red Wings,5,,19515,2:35,
2024-01-13,New Jersey Devils,4,Florida Panthers,1,,19526,2:23,
2024-01-13,Arizona Coyotes,6,Minnesota Wild,0,,18812,2:32,
2024-01-13,Edmonton Oilers,2,Montreal Canadiens,1,OT,21105,2:37,
2024-01-13,New York Islanders,1,Nashville Predators,3,,17474,2:23,
2024-01-13,San Jose Sharks,4,Ottawa Senators,5,,18764,2:23,
2024-01-13,Boston Bruins,4,St. Louis Blues,3,OT,18096,2:31,
2024-01-13,Anaheim Ducks,1,Tampa Bay Lightning,5,,19092,2:28,
2024-01-13,Colorado Avalanche,5,Toronto Maple Leafs,3,,19298,2:22,
2024-01-13,Calgary Flames,3,Vegas Golden Knights,1,,17858,2:27,
2024-01-13,Philadelphia Flyers,2,Winnipeg Jets,0,,14540,2:25,
2024-01-13,New York Rangers,2,Washington Capitals,3,,18573,2:35,
2024-01-14,Washington Capitals,1,New York Rangers,2,,18006,2:29,
2024-01-14,Detroit Red Wings,4,Toronto Maple Leafs,2,,18772,2:24,
2024-01-15,New Jersey Devils,0,Boston Bruins,3,,17850,2:33,
2024-01-15,San Jose Sharks,0,Buffalo Sabres,3,,16186,2:25,
2024-01-15,Los Angeles Kings,5,Carolina Hurricanes,2,,18825,2:28,
2024-01-15,Vancouver Canucks,3,Columbus Blue Jackets,4,SO,17622,2:31,
2024-01-15,Anaheim Ducks,5,Florida Panthers,4,OT,17885,2:34,
2024-01-15,New York Islanders,0,Minnesota Wild,5,,18231,2:31,
2024-01-15,Colorado Avalanche,3,Montreal Canadiens,4,,21205,2:36,
2024-01-15,Seattle Kraken,0,Pittsburgh Penguins,3,,18202,2:23,
2024-01-15,Philadelphia Flyers,4,St. Louis Blues,2,,18096,2:20,
2024-01-15,Nashville Predators,1,Vegas Golden Knights,4,,17719,2:27,
2024-01-16,Arizona Coyotes,2,Calgary Flames,3,OT,17407,2:31,
2024-01-16,San Jose Sharks,1,Chicago Blackhawks,2,SO,16401,2:44,
2024-01-16,Los Angeles Kings,1,Dallas Stars,5,,18532,2:23,
2024-01-16,Toronto Maple Leafs,2,Edmonton Oilers,4,,18347,2:25,
2024-01-16,Seattle Kraken,2,New York Rangers,5,,18006,2:19,
2024-01-16,Colorado Avalanche,7,Ottawa Senators,4,,16242,2:38,
2024-01-16,New York Islanders,2,Winnipeg Jets,4,,12600,2:31,
2024-01-16,Anaheim Ducks,0,Washington Capitals,2,,15961,2:21,
2024-01-17,Detroit Red Wings,3,Florida Panthers,2,OT,17958,2:31,
2024-01-17,Montreal Canadiens,3,New Jersey Devils,2,,16022,2:19,
2024-01-18,Colorado Avalanche,2,Boston Bruins,5,,17850,2:34,
2024-01-18,Chicago Blackhawks,0,Buffalo Sabres,3,,15465,2:13,
2024-01-18,Toronto Maple Leafs,4,Calgary Flames,3,,18714,2:38,
2024-01-18,Seattle Kraken,2,Edmonton Oilers,4,,18347,2:33,
2024-01-18,Nashville Predators,2,Los Angeles Kings,1,,18145,2:29,
2024-01-18,Montreal Canadiens,2,Ottawa Senators,6,,19286,2:32,
2024-01-18,Dallas Stars,1,Philadelphia Flyers,5,,18024,2:27,
2024-01-18,Minnesota Wild,3,Tampa Bay Lightning,7,,19092,2:29,
2024-01-18,Arizona Coyotes,1,Vancouver Canucks,2,,19005,2:30,
2024-01-18,New York Rangers,1,Vegas Golden Knights,5,,18149,2:25,
2024-01-18,St. Louis Blues,2,Washington Capitals,5,,17909,2:27,
2024-01-19,Detroit Red Wings,2,Carolina Hurricanes,4,,18841,2:27,
2024-01-19,New Jersey Devils,4,Columbus Blue Jackets,1,,18630,2:25,
2024-01-19,New York Islanders,3,Chicago Blackhawks,4,OT,18463,2:30,
2024-01-19,Minnesota Wild,6,Florida Panthers,4,,19595,2:39,
2024-01-20,Nashville Predators,2,Arizona Coyotes,3,,4600,2:31,
2024-01-20,Montreal Canadiens,4,Boston Bruins,9,,17850,2:32,
2024-01-20,Tampa Bay Lightning,3,Buffalo Sabres,1,,18246,2:16,
2024-01-20,Edmonton Oilers,3,Calgary Flames,1,,19289,2:25,
2024-01-20,New York Rangers,1,Los Angeles Kings,2,,18292,2:28,
2024-01-20,Dallas Stars,6,New Jersey Devils,2,,16514,2:33,
2024-01-20,Winnipeg Jets,2,Ottawa Senators,1,OT,19388,2:28,
2024-01-20,Colorado Avalanche,7,Philadelphia Flyers,4,,19078,2:30,
2024-01-20,Anaheim Ducks,3,San Jose Sharks,5,,17435,2:30,
2024-01-20,Washington Capitals,0,St. Louis Blues,3,,18096,2:25,
2024-01-20,Toronto Maple Leafs,4,Vancouver Canucks,6,,18865,2:33,
2024-01-20,Pittsburgh Penguins,2,Vegas Golden Knights,3,,18319,2:29,
2024-01-21,New York Rangers,5,Anaheim Ducks,2,,16197,2:32,
2024-01-21,Minnesota Wild,5,Carolina Hurricanes,2,,18749,2:29,
2024-01-21,Tampa Bay Lightning,1,Detroit Red Wings,2,,19515,2:29,
2024-01-21,Dallas Stars,2,New York Islanders,3,OT,17255,2:28,
2024-01-21,Ottawa Senators,5,Philadelphia Flyers,3,,18930,2:38,
2024-01-21,Toronto Maple Leafs,3,Seattle Kraken,1,,17151,2:24,
2024-01-22,Pittsburgh Penguins,2,Arizona Coyotes,5,,4600,2:32,
2024-01-22,Winnipeg Jets,1,Boston Bruins,4,,17850,2:26,
2024-01-22,San Jose Sharks,4,Los Angeles Kings,3,SO,18145,2:35,
2024-01-22,Vegas Golden Knights,5,New Jersey Devils,6,OT,16514,2:33,
2024-01-22,Florida Panthers,4,Nashville Predators,1,,17159,2:30,
2024-01-22,Chicago Blackhawks,0,Vancouver Canucks,2,,18714,2:12,
2024-01-23,Buffalo Sabres,2,Anaheim Ducks,4,,16302,2:27,
2024-01-23,St. Louis Blues,4,Calgary Flames,3,,16813,2:24,
2024-01-23,Dallas Stars,5,Detroit Red Wings,4,,18923,2:27,
2024-01-23,Columbus Blue Jackets,1,Edmonton Oilers,4,,18347,2:22,
2024-01-23,Washington Capitals,3,Minnesota Wild,5,,18437,2:29,
2024-01-23,Ottawa Senators,4,Montreal Canadiens,1,,21105,2:23,
2024-01-23,Vegas Golden Knights,3,New York Islanders,2,,16077,2:24,
2024-01-23,Tampa Bay Lightning,6,Philadelphia Flyers,3,,17937,2:28,
2024-01-23,New York Rangers,2,San Jose Sharks,3,OT,12892,2:29,
2024-01-24,Carolina Hurricanes,3,Boston Bruins,2,,17850,2:28,
2024-01-24,Washington Capitals,2,Colorado Avalanche,6,,18136,2:36,
2024-01-24,Arizona Coyotes,2,Florida Panthers,6,,17020,2:39,
2024-01-24,Buffalo Sabres,5,Los Angeles Kings,3,,18145,2:24,
2024-01-24,Chicago Blackhawks,2,Seattle Kraken,6,,17151,2:29,
2024-01-24,Winnipeg Jets,0,Toronto Maple Leafs,1,OT,18972,2:31,
2024-01-24,St. Louis Blues,4,Vancouver Canucks,3,OT,19003,2:26,
2024-01-25,New Jersey Devils,2,Carolina Hurricanes,3,,18792,2:29,
2024-01-25,Columbus Blue Jackets,5,Calgary Flames,2,,16689,2:29,
2024-01-25,Anaheim Ducks,3,Dallas Stars,4,OT,18532,2:26,
2024-01-25,Philadelphia Flyers,0,Detroit Red Wings,3,,19515,2:29,
2024-01-25,Chicago Blackhawks,0,Edmonton Oilers,3,,18347,2:23,
2024-01-25,Nashville Predators,3,Minnesota Wild,2,,18254,2:35,
2024-01-25,New York Islanders,3,Montreal Canadiens,4,,21105,2:34,
2024-01-25,Boston Bruins,3,Ottawa Senators,2,OT,18722,2:37,
2024-01-25,Arizona Coyotes,3,Tampa Bay Lightning,6,,19092,2:20,
2024-01-26,Los Angeles Kings,1,Colorado Avalanche,5,,18131,2:26,
2024-01-26,Vegas Golden Knights,5,New York Rangers,2,,18006,2:33,
2024-01-26,Florida Panthers,3,Pittsburgh Penguins,2,SO,18188,2:50,
2024-01-26,St. Louis Blues,4,Seattle Kraken,3,OT,17151,2:27,
2024-01-27,Arizona Coyotes,1,Carolina Hurricanes,3,,18718,2:30,
2024-01-27,Chicago Blackhawks,0,Calgary Flames,1,,18279,2:21,
2024-01-27,Washington Capitals,4,Dallas Stars,5,OT,18532,2:36,
2024-01-27,Vegas Golden Knights,2,Detroit Red Wings,5,,19515,2:23,
2024-01-27,Nashville Predators,1,Edmonton Oilers,4,,18347,2:21,
2024-01-27,Anaheim Ducks,3,Minnesota Wild,2,,19053,2:31,
2024-01-27,Florida Panthers,3,New York Islanders,2,OT,17255,2:35,
2024-01-27,New York Rangers,7,Ottawa Senators,2,,19262,2:29,
2024-01-27,Boston Bruins,6,Philadelphia Flyers,2,,19276,2:29,
2024-01-27,Montreal Canadiens,2,Pittsburgh Penguins,3,OT,18377,2:28,
2024-01-27,Buffalo Sabres,5,San Jose Sharks,2,,17435,2:33,
2024-01-27,New Jersey Devils,3,Tampa Bay Lightning,6,,19092,2:26,
2024-01-27,Columbus Blue Jackets,4,Vancouver Canucks,5,OT,19002,2:44,
2024-01-27,Toronto Maple Leafs,4,Winnipeg Jets,2,,15225,2:24,
2024-01-28,Columbus Blue Jackets,2,Seattle Kraken,4,,17151,2:28,
2024-01-28,Los Angeles Kings,3,St. Louis Blues,4,OT,18096,2:25,
2024-01-29,Nashville Predators,3,Ottawa Senators,4,OT,16284,2:38,
2024-01-30,Seattle Kraken,0,San Jose Sharks,2,,10988,2:20,
2024-01-30,Columbus Blue Jackets,1,St. Louis Blues,0,,18096,2:20,
2024-01-31,San Jose Sharks,2,Anaheim Ducks,3,OT,15654,2:34,
2024-01-31,Ottawa Senators,3,Detroit Red Wings,2,OT,19515,2:26,
2024-01-31,Los Angeles Kings,4,Nashville Predators,2,,17453,2:23,
2024-02-05,Colorado Avalanche,1,New York Rangers,2,OT,18006,2:23,
2024-02-05,New York Islanders,3,Toronto Maple Leafs,2,,18365,2:26,
2024-02-06,Calgary Flames,4,Boston Bruins,1,,17850,2:31,
2024-02-06,Dallas Stars,2,Buffalo Sabres,1,,13221,2:36,
2024-02-06,Vancouver Canucks,3,Carolina Hurricanes,2,,18700,2:22,
2024-02-06,Philadelphia Flyers,2,Florida Panthers,1,,17340,2:22,
2024-02-06,Colorado Avalanche,3,New Jersey Devils,5,,16326,2:36,
2024-02-06,Winnipeg Jets,0,Pittsburgh Penguins,3,,17086,2:24,
2024-02-06,Edmonton Oilers,1,Vegas Golden Knights,3,,18433,2:26,
2024-02-06,Montreal Canadiens,5,Washington Capitals,2,,16959,2:29,
2024-02-07,Minnesota Wild,2,Chicago Blackhawks,1,,17230,2:31,
2024-02-07,Tampa Bay Lightning,1,New York Rangers,3,,17208,2:24,
2024-02-07,Dallas Stars,4,Toronto Maple Leafs,5,,18517,2:31,
2024-02-08,Vegas Golden Knights,3,Arizona Coyotes,2,,4600,2:25,
2024-02-08,Vancouver Canucks,0,Boston Bruins,4,,17850,2:26,
2024-02-08,Colorado Avalanche,2,Carolina Hurricanes,5,,18720,2:37,
2024-02-08,Washington Capitals,2,Florida Panthers,4,,17645,2:29,
2024-02-08,Calgary Flames,5,New Jersey Devils,3,,16374,2:30,
2024-02-08,Tampa Bay Lightning,2,New York Islanders,6,,17255,2:19,
2024-02-08,Winnipeg Jets,1,Philadelphia Flyers,4,,18049,2:24,
2024-02-09,Edmonton Oilers,5,Anaheim Ducks,3,,17489,2:25,
2024-02-09,New York Rangers,4,Chicago Blackhawks,3,OT,19995,2:30,
2024-02-09,Pittsburgh Penguins,2,Minnesota Wild,3,,19329,2:43,
2024-02-10,Washington Capitals,3,Boston Bruins,0,,17850,2:25,
2024-02-10,St. Louis Blues,3,Buffalo Sabres,1,,16726,2:28,
2024-02-10,New Jersey Devils,0,Carolina Hurricanes,1,OT,18997,2:31,
2024-02-10,Tampa Bay Lightning,4,Columbus Blue Jackets,2,,18876,2:32,
2024-02-10,Vancouver Canucks,3,Detroit Red Wings,4,OT,19515,2:35,
2024-02-10,Colorado Avalanche,0,Florida Panthers,4,,19304,2:23,
2024-02-10,Edmonton Oilers,0,Los Angeles Kings,4,,18145,2:34,
2024-02-10,Dallas Stars,3,Montreal Canadiens,2,,21105,2:29,
2024-02-10,Arizona Coyotes,4,Nashville Predators,5,OT,17507,2:36,
2024-02-10,Calgary Flames,5,New York Islanders,2,,17255,2:32,
2024-02-10,Toronto Maple Leafs,3,Ottawa Senators,5,,19679,2:25,
2024-02-10,Seattle Kraken,2,Philadelphia Flyers,3,,18926,2:35,
2024-02-10,Pittsburgh Penguins,1,Winnipeg Jets,2,,15225,2:14,
2024-02-11,St. Louis Blues,7,Montreal Canadiens,2,,21105,2:36,
2024-02-11,Vancouver Canucks,3,Washington Capitals,2,OT,18573,2:27,
2024-02-12,Seattle Kraken,1,New Jersey Devils,3,,14511,2:23,
2024-02-12,Calgary Flames,0,New York Rangers,2,,18006,2:22,
2024-02-12,Arizona Coyotes,3,Philadelphia Flyers,5,,18094,2:37,
2024-02-12,Minnesota Wild,5,Vegas Golden Knights,3,,18207,2:33,
2024-02-13,Tampa Bay Lightning,3,Boston Bruins,2,SO,17850,2:48,
2024-02-13,Los Angeles Kings,0,Buffalo Sabres,7,,13292,2:16,
2024-02-13,Vancouver Canucks,4,Chicago Blackhawks,2,,16452,2:22,
2024-02-13,Carolina Hurricanes,2,Dallas Stars,4,,18532,2:28,
2024-02-13,Detroit Red Wings,4,Edmonton Oilers,8,,18347,2:27,
2024-02-13,Anaheim Ducks,0,Montreal Canadiens,5,,21105,2:26,
2024-02-13,New Jersey Devils,4,Nashville Predators,2,,17159,2:27,
2024-02-13,Seattle Kraken,2,New York Islanders,1,SO,17255,2:35,
2024-02-13,Columbus Blue Jackets,3,Ottawa Senators,6,,15203,2:34,
2024-02-13,St. Louis Blues,1,Toronto Maple Leafs,4,,18307,2:20,
2024-02-13,Colorado Avalanche,6,Washington Capitals,3,,17878,2:38,
2024-02-14,Minnesota Wild,3,Arizona Coyotes,1,,4600,2:41,
2024-02-14,Florida Panthers,5,Pittsburgh Penguins,2,,17967,2:30,
2024-02-14,San Jose Sharks,0,Winnipeg Jets,1,,13786,2:20,
2024-02-15,Seattle Kraken,4,Boston Bruins,1,,17850,2:22,
2024-02-15,Florida Panthers,4,Buffalo Sabres,0,,14277,2:24,
2024-02-15,San Jose Sharks,6,Calgary Flames,3,,16852,2:37,
2024-02-15,Pittsburgh Penguins,4,Chicago Blackhawks,1,,19423,2:19,
2024-02-15,Los Angeles Kings,2,New Jersey Devils,1,,16105,2:23,
2024-02-15,Dallas Stars,9,Nashville Predators,2,,17159,2:30,
2024-02-15,Montreal Canadiens,4,New York Rangers,7,,18006,2:45,
2024-02-15,Anaheim Ducks,5,Ottawa Senators,1,,16297,2:23,
2024-02-15,Edmonton Oilers,3,St. Louis Blues,6,,18096,2:30,
2024-02-15,Colorado Avalanche,3,Tampa Bay Lightning,6,,19092,2:45,
2024-02-15,Philadelphia Flyers,3,Toronto Maple Leafs,4,OT,18646,2:33,
2024-02-15,Detroit Red Wings,1,Vancouver Canucks,4,,18947,2:25,
2024-02-16,Carolina Hurricanes,5,Arizona Coyotes,1,,4600,2:27,
2024-02-17,Los Angeles Kings,5,Boston Bruins,4,OT,17850,2:48,
2024-02-17,Detroit Red Wings,5,Calgary Flames,0,,17854,2:40,
2024-02-17,Ottawa Senators,2,Chicago Blackhawks,3,,18888,2:28,
2024-02-17,Edmonton Oilers,4,Dallas Stars,3,OT,18532,2:32,
2024-02-17,Buffalo Sabres,3,Minnesota Wild,2,OT,19276,2:33,
2024-02-17,Washington Capitals,4,Montreal Canadiens,3,,21105,2:31,
2024-02-17,Philadelphia Flyers,3,New Jersey Devils,6,,70328,2:47,at MetLife Stadium (East Rutherford NJ)
2024-02-17,Columbus Blue Jackets,4,San Jose Sharks,3,,17435,2:33,
2024-02-17,Nashville Predators,5,St. Louis Blues,2,,18096,2:25,
2024-02-17,Florida Panthers,9,Tampa Bay Lightning,2,,19092,2:35,
2024-02-17,Anaheim Ducks,2,Toronto Maple Leafs,9,,19247,2:23,
2024-02-17,Winnipeg Jets,4,Vancouver Canucks,2,,18992,2:30,
2024-02-17,Carolina Hurricanes,3,Vegas Golden Knights,1,,18355,2:30,
2024-02-18,Arizona Coyotes,3,Colorado Avalanche,4,,18133,2:50,
2024-02-18,New York Rangers,6,New York Islanders,5,OT,79690,2:48,at MetLife Stadium (East Rutherford NJ)
2024-02-18,Los Angeles Kings,2,Pittsburgh Penguins,1,,18422,2:27,
2024-02-19,Edmonton Oilers,6,Arizona Coyotes,3,,4600,2:26,
2024-02-19,Dallas Stars,3,Boston Bruins,4,SO,17850,2:53,
2024-02-19,Anaheim Ducks,4,Buffalo Sabres,3,,17229,2:19,
2024-02-19,Chicago Blackhawks,3,Carolina Hurricanes,6,,18909,2:25,
2024-02-19,Winnipeg Jets,3,Calgary Flames,6,,18037,2:24,
2024-02-19,Vancouver Canucks,7,Minnesota Wild,10,,19024,2:37,
2024-02-19,Detroit Red Wings,4,Seattle Kraken,3,OT,17151,2:29,
2024-02-19,Vegas Golden Knights,4,San Jose Sharks,0,,13673,2:22,
2024-02-19,Toronto Maple Leafs,4,St. Louis Blues,2,,18096,2:27,
2024-02-19,Ottawa Senators,4,Tampa Bay Lightning,2,,19092,2:28,
2024-02-20,Vancouver Canucks,1,Colorado Avalanche,3,,18121,2:28,
2024-02-20,Ottawa Senators,2,Florida Panthers,3,OT,19000,2:30,
2024-02-20,Columbus Blue Jackets,1,Los Angeles Kings,5,,16980,2:31,
2024-02-20,Dallas Stars,1,New York Rangers,3,,18006,2:29,
2024-02-20,New York Islanders,5,Pittsburgh Penguins,4,OT,18016,2:36,
2024-02-20,Nashville Predators,5,Vegas Golden Knights,3,,17727,2:29,
2024-02-20,Minnesota Wild,3,Winnipeg Jets,6,,14707,2:30,
2024-02-20,New Jersey Devils,2,Washington Capitals,6,,17232,2:29,
2024-02-21,Columbus Blue Jackets,7,Anaheim Ducks,4,,14518,2:27,
2024-02-21,Toronto Maple Leafs,6,Arizona Coyotes,3,,4600,2:35,
2024-02-21,Philadelphia Flyers,3,Chicago Blackhawks,1,,18245,2:25,
2024-02-21,Boston Bruins,6,Edmonton Oilers,5,OT,18347,2:46,
2024-02-21,Buffalo Sabres,3,Montreal Canadiens,2,,21105,2:22,
2024-02-22,Florida Panthers,0,Carolina Hurricanes,1,,18700,2:26,
2024-02-22,Boston Bruins,2,Calgary Flames,3,OT,17750,2:31,
2024-02-22,Colorado Avalanche,1,Detroit Red Wings,2,OT,19515,2:29,
2024-02-22,Nashville Predators,4,Los Angeles Kings,1,,17415,2:26,
2024-02-22,New York Rangers,5,New Jersey Devils,1,,16650,2:37,
2024-02-22,Dallas Stars,1,Ottawa Senators,4,,16118,2:19,
2024-02-22,Montreal Canadiens,1,Pittsburgh Penguins,4,,17160,2:24,
2024-02-22,Vancouver Canucks,2,Seattle Kraken,5,,17151,2:27,
2024-02-22,New York Islanders,0,St. Louis Blues,4,,18096,2:26,
2024-02-22,Washington Capitals,5,Tampa Bay Lightning,3,,19092,2:33,
2024-02-22,Toronto Maple Leafs,7,Vegas Golden Knights,3,,18188,2:23,
2024-02-23,Buffalo Sabres,2,Columbus Blue Jackets,1,,18943,2:21,
2024-02-23,Winnipeg Jets,3,Chicago Blackhawks,2,OT,18891,2:24,
2024-02-23,Minnesota Wild,4,Edmonton Oilers,2,,18347,2:28,
2024-02-24,Dallas Stars,2,Carolina Hurricanes,1,,18952,2:27,
2024-02-24,Toronto Maple Leafs,4,Colorado Avalanche,3,,18135,2:23,
2024-02-24,St. Louis Blues,1,Detroit Red Wings,6,,19515,2:24,
2024-02-24,Calgary Flames,6,Edmonton Oilers,3,,18347,2:41,
2024-02-24,Washington Capitals,2,Florida Panthers,3,OT,19887,2:37,
2024-02-24,Anaheim Ducks,2,Los Angeles Kings,3,SO,18203,2:36,
2024-02-24,Montreal Canadiens,3,New Jersey Devils,4,,16514,2:21,
2024-02-24,Tampa Bay Lightning,4,New York Islanders,2,,17255,2:28,
2024-02-24,Vegas Golden Knights,3,Ottawa Senators,4,SO,19197,2:34,
2024-02-24,New York Rangers,2,Philadelphia Flyers,1,,19756,2:34,
2024-02-24,Minnesota Wild,5,Seattle Kraken,2,,17151,2:36,
2024-02-24,Nashville Predators,4,San Jose Sharks,2,,15919,2:29,
2024-02-24,Boston Bruins,2,Vancouver Canucks,3,OT,18924,2:44,
2024-02-25,Nashville Predators,4,Anaheim Ducks,2,,16370,2:25,
2024-02-25,Carolina Hurricanes,2,Buffalo Sabres,3,SO,15690,2:37,
2024-02-25,New York Rangers,2,Columbus Blue Jackets,4,,18293,2:37,
2024-02-25,Detroit Red Wings,3,Chicago Blackhawks,2,OT,21141,2:31,
2024-02-25,Tampa Bay Lightning,4,New Jersey Devils,1,,16514,2:21,
2024-02-25,Philadelphia Flyers,6,Pittsburgh Penguins,7,,18212,2:33,
2024-02-25,Arizona Coyotes,3,Winnipeg Jets,4,OT,14324,2:28,
2024-02-26,New York Islanders,3,Dallas Stars,2,OT,18532,2:31,
2024-02-26,Los Angeles Kings,2,Edmonton Oilers,4,,18347,2:25,
2024-02-26,Boston Bruins,3,Seattle Kraken,4,SO,17151,2:47,
2024-02-26,Ottawa Senators,3,Washington Capitals,6,,17296,2:24,
2024-02-27,Los Angeles Kings,2,Calgary Flames,4,,16450,2:25,
2024-02-27,Dallas Stars,1,Colorado Avalanche,5,,18117,2:23,
2024-02-27,Washington Capitals,3,Detroit Red Wings,8,,19515,2:24,
2024-02-27,Buffalo Sabres,2,Florida Panthers,3,,18243,2:35,
2024-02-27,Carolina Hurricanes,3,Minnesota Wild,2,,18775,2:27,
2024-02-27,Arizona Coyotes,2,Montreal Canadiens,4,,21105,2:27,
2024-02-27,Ottawa Senators,1,Nashville Predators,4,,17159,2:30,
2024-02-27,Tampa Bay Lightning,2,Philadelphia Flyers,6,,18647,2:41,
2024-02-27,New Jersey Devils,7,San Jose Sharks,2,,10982,2:26,
2024-02-27,Vegas Golden Knights,6,Toronto Maple Leafs,2,,18907,2:29,
2024-02-27,Pittsburgh Penguins,4,Vancouver Canucks,3,OT,18730,2:31,
2024-02-27,St. Louis Blues,2,Winnipeg Jets,4,,13139,2:27,
2024-02-28,St. Louis Blues,2,Edmonton Oilers,3,OT,18347,2:36,
2024-02-28,Columbus Blue Jackets,1,New York Rangers,4,,18006,2:33,
2024-02-29,Vegas Golden Knights,4,Boston Bruins,5,,17850,2:39,
2024-02-29,Carolina Hurricanes,4,Columbus Blue Jackets,2,,18390,2:24,
2024-02-29,Colorado Avalanche,5,Chicago Blackhawks,0,,18096,2:18,
2024-02-29,Winnipeg Jets,1,Dallas Stars,4,,18532,2:29,
2024-02-29,New York Islanders,5,Detroit Red Wings,3,,19515,2:25,
2024-02-29,Montreal Canadiens,3,Florida Panthers,4,SO,18918,2:46,
2024-02-29,Minnesota Wild,1,Nashville Predators,6,,17159,2:33,
2024-02-29,Pittsburgh Penguins,0,Seattle Kraken,2,,17151,2:22,
2024-02-29,Anaheim Ducks,6,San Jose Sharks,4,,10537,2:40,
2024-02-29,Buffalo Sabres,3,Tampa Bay Lightning,2,OT,19092,2:25,
2024-02-29,Arizona Coyotes,2,Toronto Maple Leafs,4,,18662,2:27,
2024-02-29,Los Angeles Kings,5,Vancouver Canucks,1,,18801,2:22,
2024-03-01,New Jersey Devils,3,Anaheim Ducks,4,,16078,2:37,
2024-03-01,Arizona Coyotes,5,Ottawa Senators,3,,17734,2:33,
2024-03-01,Philadelphia Flyers,2,Washington Capitals,5,,18573,2:31,
2024-03-02,Vegas Golden Knights,2,Buffalo Sabres,7,,16693,2:30,
2024-03-02,Winnipeg Jets,5,Carolina Hurricanes,3,,18876,2:26,
2024-03-02,Pittsburgh Penguins,3,Calgary Flames,4,,19289,2:26,
2024-03-02,Columbus Blue Jackets,5,Chicago Blackhawks,2,,18782,2:21,
2024-03-02,San Jose Sharks,2,Dallas Stars,3,SO,18532,2:50,
2024-03-02,Florida Panthers,4,Detroit Red Wings,0,,19515,2:33,
2024-03-02,Colorado Avalanche,1,Nashville Predators,5,,17474,2:23,
2024-03-02,Boston Bruins,1,New York Islanders,5,,17255,2:28,
2024-03-02,Ottawa Senators,2,Philadelphia Flyers,4,,18971,2:24,
2024-03-02,Edmonton Oilers,2,Seattle Kraken,1,,17151,2:21,
2024-03-02,Minnesota Wild,1,St. Louis Blues,3,,18096,2:25,
2024-03-02,Montreal Canadiens,3,Tampa Bay Lightning,4,SO,19092,2:51,
2024-03-02,New York Rangers,3,Toronto Maple Leafs,4,SO,19312,2:52,
2024-03-03,Vancouver Canucks,2,Anaheim Ducks,1,,15161,2:18,
2024-03-03,Winnipeg Jets,5,Buffalo Sabres,2,,14171,2:23,
2024-03-03,Pittsburgh Penguins,1,Edmonton Oilers,6,,18347,2:22,
2024-03-03,New Jersey Devils,1,Los Angeles Kings,5,,18145,2:28,
2024-03-03,San Jose Sharks,3,Minnesota Wild,4,,18879,2:25,
2024-03-03,Arizona Coyotes,5,Washington Capitals,2,,18573,2:33,
2024-03-04,Vegas Golden Knights,3,Columbus Blue Jackets,6,,17338,2:31,
2024-03-04,Seattle Kraken,4,Calgary Flames,2,,16516,2:41,
2024-03-04,Chicago Blackhawks,0,Colorado Avalanche,5,,18125,2:27,
2024-03-04,Florida Panthers,4,New York Rangers,2,,18006,2:30,
2024-03-04,St. Louis Blues,2,Philadelphia Flyers,1,SO,18728,2:34,
2024-03-04,Boston Bruins,4,Toronto Maple Leafs,1,,18911,2:24,
2024-03-05,Chicago Blackhawks,5,Arizona Coyotes,2,,4600,2:26,
2024-03-05,Edmonton Oilers,2,Boston Bruins,1,OT,17850,2:28,
2024-03-05,Vancouver Canucks,2,Los Angeles Kings,1,OT,18145,2:31,
2024-03-05,Florida Panthers,5,New Jersey Devils,3,,16042,2:35,
2024-03-05,Montreal Canadiens,4,Nashville Predators,3,OT,17159,2:33,
2024-03-05,St. Louis Blues,2,New York Islanders,4,,16540,2:13,
2024-03-05,Columbus Blue Jackets,3,Pittsburgh Penguins,5,,17072,2:28,
2024-03-05,Dallas Stars,7,San Jose Sharks,6,OT,10070,2:38,
2024-03-05,Seattle Kraken,4,Winnipeg Jets,3,,13125,2:20,